delivery_id,order_id,delivery_leg,picking_date,goods_issue_date,delivery_date,delivery_status
DL-1001,SO-1001,1,2026-07-10,2026-07-10,2026-07-12,DLVD
DL-1002,SO-1002,1,2026-07-14,2026-07-14,2026-07-16,DLVD
DL-1003,SO-1003,1,2026-07-11,2026-07-11,2026-07-19,DLVD
DL-1004,SO-1004,1,2026-07-16,2026-07-16,2026-07-18,DLVD
DL-1005,SO-1005,1,2026-07-16,2026-07-16,2026-07-18,DLVD
DL-1006,SO-1006,1,2026-07-17,2026-07-17,2026-07-19,DLVD
DL-1008,SO-1008,1,2026-07-13,2026-07-13,2026-07-15,DLVD
DL-1009A,SO-1009,1,2026-07-14,2026-07-14,2026-07-16,DLVD
DL-1009B,SO-1009,2,2026-07-14,2026-07-14,2026-07-20,DLVD
DL-1010,SO-1010,1,2026-07-20,2026-07-20,2026-07-22,DLVD
DL-1011,SO-1011,1,2026-07-15,2026-07-15,2026-07-21,DLVD
DL-1012A,SO-1012,1,2026-07-16,2026-07-16,2026-07-18,DLVD
DL-1012B,SO-1012,2,2026-07-16,2026-07-16,2026-07-18,DLVD
DL-1013,SO-1013,1,2026-08-06,2026-08-06,,IN_TRANSIT
DL-1014A,SO-1014,1,2026-07-17,2026-07-17,2026-07-19,DLVD
DL-1014B,SO-1014,2,2026-07-17,2026-07-17,2026-07-19,DLVD
DL-1015,SO-1015,1,2026-07-17,2026-07-17,2026-07-19,DLVD
DL-1016A,SO-1016,1,2026-07-19,2026-07-19,2026-07-21,DLVD
DL-1016B,SO-1016,2,2026-07-19,2026-07-19,2026-07-21,DLVD
DL-1017A,SO-1017,1,2026-07-20,2026-07-20,2026-07-22,DLVD
DL-1017B,SO-1017,2,2026-07-20,2026-07-20,2026-07-22,DLVD
DL-1018A,SO-1018,1,2026-07-21,2026-07-21,2026-07-23,DLVD
DL-1018B,SO-1018,2,2026-07-21,2026-07-21,2026-07-23,DLVD
DL-1019,SO-1019,1,2026-06-10,2026-06-10,2026-06-18,DLVD
DL-1020,SO-1020,1,2026-07-10,2026-07-10,2026-07-12,DLVD
DL-2001,SO-2001,1,2026-06-27,2026-06-27,2026-07-01,DLVD
DL-2002,SO-2002,1,2026-07-25,2026-07-25,2026-07-29,DLVD
DL-2003,SO-2003,1,2026-06-27,2026-06-27,2026-07-01,DLVD
DL-2004,SO-2004,1,2026-07-22,2026-07-22,2026-07-26,DLVD
DL-2005,SO-2005,1,2026-07-11,2026-07-11,2026-07-15,DLVD
DL-2006,SO-2006,1,2026-07-24,2026-07-24,2026-07-28,DLVD
DL-2007,SO-2007,1,2026-07-25,2026-07-25,2026-07-29,DLVD
DL-2008,SO-2008,1,2026-07-03,2026-07-03,2026-07-07,DLVD
DL-2009,SO-2009,1,2026-07-25,2026-07-25,2026-07-29,DLVD
DL-2010,SO-2010,1,2026-06-27,2026-06-27,2026-07-01,DLVD
DL-2011,SO-2011,1,2026-07-13,2026-07-13,2026-07-17,DLVD
DL-2012,SO-2012,1,2026-06-29,2026-06-29,2026-07-03,DLVD
DL-2013,SO-2013,1,2026-07-23,2026-07-23,2026-07-27,DLVD
DL-2014,SO-2014,1,2026-07-19,2026-07-19,2026-07-23,DLVD
DL-2015,SO-2015,1,2026-07-10,2026-07-10,2026-07-14,DLVD
DL-2016,SO-2016,1,2026-07-02,2026-07-02,2026-07-06,DLVD
DL-2017,SO-2017,1,2026-07-24,2026-07-24,2026-07-28,DLVD
DL-2018,SO-2018,1,2026-07-26,2026-07-26,2026-07-30,DLVD
DL-2019,SO-2019,1,2026-07-06,2026-07-06,2026-07-10,DLVD
DL-2020,SO-2020,1,2026-07-01,2026-07-01,2026-07-05,DLVD
DL-2021,SO-2021,1,2026-07-18,2026-07-18,2026-07-22,DLVD
DL-2022,SO-2022,1,2026-07-17,2026-07-17,2026-07-21,DLVD
DL-2023,SO-2023,1,2026-07-19,2026-07-19,2026-07-23,DLVD
DL-2024,SO-2024,1,2026-07-04,2026-07-04,2026-07-08,DLVD
DL-2025,SO-2025,1,2026-07-22,2026-07-22,2026-07-26,DLVD
DL-2026,SO-2026,1,2026-07-20,2026-07-20,2026-07-24,DLVD
DL-2027,SO-2027,1,2026-06-30,2026-06-30,2026-07-04,DLVD
DL-2028,SO-2028,1,2026-07-22,2026-07-22,2026-07-26,DLVD
DL-2029,SO-2029,1,2026-07-20,2026-07-20,2026-07-24,DLVD
DL-2030,SO-2030,1,2026-07-04,2026-07-04,2026-07-08,DLVD
DL-2031,SO-2031,1,2026-07-02,2026-07-02,2026-07-06,DLVD
DL-2032,SO-2032,1,2026-07-03,2026-07-03,2026-07-07,DLVD
DL-2033,SO-2033,1,2026-07-25,2026-07-25,2026-07-29,DLVD
DL-2034,SO-2034,1,2026-06-29,2026-06-29,2026-07-03,DLVD
DL-2035,SO-2035,1,2026-07-04,2026-07-04,2026-07-08,DLVD
DL-2036,SO-2036,1,2026-07-12,2026-07-12,2026-07-16,DLVD
DL-2037,SO-2037,1,2026-07-19,2026-07-19,2026-07-23,DLVD
DL-2038,SO-2038,1,2026-07-25,2026-07-25,2026-07-29,DLVD
DL-2039,SO-2039,1,2026-07-20,2026-07-20,2026-07-24,DLVD
DL-2041,SO-2041,1,2026-06-03,2026-06-03,2026-06-07,DLVD
DL-2042,SO-2042,1,2026-06-19,2026-06-19,2026-06-23,DLVD
DL-2043,SO-2043,1,2026-05-31,2026-05-31,2026-06-04,DLVD
DL-2044,SO-2044,1,2026-06-24,2026-06-24,2026-06-28,DLVD
DL-2045,SO-2045,1,2026-06-12,2026-06-12,2026-06-16,DLVD
DL-2046,SO-2046,1,2026-06-24,2026-06-24,2026-06-28,DLVD
DL-2047,SO-2047,1,2026-05-27,2026-05-27,2026-05-31,DLVD
DL-2048,SO-2048,1,2026-05-27,2026-05-27,2026-05-31,DLVD
DL-2049,SO-2049,1,2026-06-13,2026-06-13,2026-06-17,DLVD
DL-2050,SO-2050,1,2026-06-25,2026-06-25,2026-06-29,DLVD
DL-2051,SO-2051,1,2026-06-24,2026-06-24,2026-06-28,DLVD
DL-2052,SO-2052,1,2026-06-24,2026-06-24,2026-06-28,DLVD
DL-2053,SO-2053,1,2026-05-28,2026-05-28,2026-06-01,DLVD
DL-2054,SO-2054,1,2026-06-20,2026-06-20,2026-06-24,DLVD
DL-2055,SO-2055,1,2026-06-15,2026-06-15,2026-06-19,DLVD
DL-2056,SO-2056,1,2026-06-01,2026-06-01,2026-06-05,DLVD
DL-2057,SO-2057,1,2026-06-01,2026-06-01,2026-06-05,DLVD
DL-2058,SO-2058,1,2026-05-31,2026-05-31,2026-06-04,DLVD
DL-2059,SO-2059,1,2026-06-10,2026-06-10,2026-06-14,DLVD
DL-2060,SO-2060,1,2026-06-25,2026-06-25,2026-06-29,DLVD
DL-2061,SO-2061,1,2026-06-06,2026-06-06,2026-06-10,DLVD
DL-2062,SO-2062,1,2026-06-15,2026-06-15,2026-06-19,DLVD
DL-2063,SO-2063,1,2026-06-10,2026-06-10,2026-06-14,DLVD
DL-2064,SO-2064,1,2026-06-09,2026-06-09,2026-06-13,DLVD
DL-2065,SO-2065,1,2026-06-02,2026-06-02,2026-06-06,DLVD
DL-2066,SO-2066,1,2026-08-23,2026-08-23,,IN_TRANSIT
DL-2067,SO-2067,1,2026-08-11,2026-08-11,,IN_TRANSIT
DL-2068,SO-2068,1,2026-08-07,2026-08-07,,IN_TRANSIT
DL-2071,SO-2071,1,2026-07-08,2026-07-08,2026-07-16,DLVD
DL-2072,SO-2072,1,2026-07-26,2026-07-26,2026-08-03,DLVD
DL-2073,SO-2073,1,2026-07-15,2026-07-15,2026-07-19,DLVD
DL-2074,SO-2074,1,2026-07-17,2026-07-17,2026-07-21,DLVD
DL-2075,SO-2075,1,2026-07-08,2026-07-08,2026-07-12,DLVD
DL-2076,SO-2076,1,2026-07-25,2026-07-25,2026-07-29,DLVD
DL-2077,SO-2077,1,2026-07-11,2026-07-11,2026-07-15,DLVD
DL-2078,SO-2078,1,2026-07-10,2026-07-10,2026-07-14,DLVD
DL-2079,SO-2079,1,2026-07-08,2026-07-08,2026-07-12,DLVD
DL-2080,SO-2080,1,2026-07-01,2026-07-01,2026-07-05,DLVD
DL-2081,SO-2081,1,2026-07-24,2026-07-24,2026-07-28,DLVD
DL-2082,SO-2082,1,2026-07-07,2026-07-07,2026-07-11,DLVD
DL-2083,SO-2083,1,2026-07-07,2026-07-07,2026-07-11,DLVD
DL-2084,SO-2084,1,2026-07-05,2026-07-05,2026-07-09,DLVD
DL-2085,SO-2085,1,2026-07-25,2026-07-25,2026-07-29,DLVD
DL-2086,SO-2086,1,2026-07-25,2026-07-25,2026-07-29,DLVD
DL-2087,SO-2087,1,2026-07-23,2026-07-23,2026-07-27,DLVD
DL-2088,SO-2088,1,2026-07-11,2026-07-11,2026-07-15,DLVD
DL-2089,SO-2089,1,2026-07-25,2026-07-25,2026-07-29,DLVD
DL-2090,SO-2090,1,2026-07-05,2026-07-05,2026-07-09,DLVD
DL-2091,SO-2091,1,2026-07-04,2026-07-04,2026-07-08,DLVD
DL-2092,SO-2092,1,2026-07-15,2026-07-15,2026-07-19,DLVD
DL-2093,SO-2093,1,2026-06-30,2026-06-30,2026-07-04,DLVD
DL-2094,SO-2094,1,2026-07-02,2026-07-02,2026-07-06,DLVD
DL-2095,SO-2095,1,2026-06-30,2026-06-30,2026-07-04,DLVD
DL-2096,SO-2096,1,2026-06-30,2026-06-30,2026-07-04,DLVD
DL-2097,SO-2097,1,2026-07-17,2026-07-17,2026-07-21,DLVD
DL-2098,SO-2098,1,2026-06-03,2026-06-03,2026-06-11,DLVD
DL-2099,SO-2099,1,2026-06-21,2026-06-21,2026-06-25,DLVD
DL-2100,SO-2100,1,2026-06-07,2026-06-07,2026-06-11,DLVD
DL-2101,SO-2101,1,2026-06-12,2026-06-12,2026-06-16,DLVD
DL-2102,SO-2102,1,2026-06-12,2026-06-12,2026-06-16,DLVD
DL-2103,SO-2103,1,2026-06-17,2026-06-17,2026-06-21,DLVD
DL-2104,SO-2104,1,2026-06-14,2026-06-14,2026-06-18,DLVD
DL-2105,SO-2105,1,2026-06-18,2026-06-18,2026-06-22,DLVD
DL-2106,SO-2106,1,2026-06-06,2026-06-06,2026-06-10,DLVD
DL-2107,SO-2107,1,2026-06-23,2026-06-23,2026-06-27,DLVD
DL-2108,SO-2108,1,2026-06-17,2026-06-17,2026-06-21,DLVD
DL-2109,SO-2109,1,2026-06-17,2026-06-17,2026-06-21,DLVD
DL-2110,SO-2110,1,2026-06-19,2026-06-19,2026-06-23,DLVD
DL-2111,SO-2111,1,2026-06-11,2026-06-11,2026-06-15,DLVD
DL-2112,SO-2112,1,2026-06-07,2026-06-07,2026-06-11,DLVD
