movement_id,production_order_id,movement_type,posting_date
GM-5001,PO-3001,261,2026-07-04
GM-5002,PO-3001,101,2026-07-09
GM-5003,PO-3002,261,2026-07-04
GM-5004,PO-3002,101,2026-07-13
GM-5005,PO-3003,261,2026-07-05
GM-5006,PO-3003,101,2026-07-10
GM-5007,PO-3004,261,2026-07-05
GM-5008,PO-3004,101,2026-07-15
GM-5009,PO-3005,261,2026-07-06
GM-5010,PO-3005,101,2026-07-15
GM-5011,PO-3006,261,2026-07-06
GM-5012,PO-3006,101,2026-07-16
GM-5013,PO-3008,261,2026-07-07
GM-5014,PO-3008,101,2026-07-12
GM-5015,PO-3009,261,2026-07-08
GM-5016,PO-3009,101,2026-07-13
GM-5017,PO-3010,261,2026-07-09
GM-5018,PO-3010,101,2026-07-19
GM-5019,PO-3011,261,2026-07-09
GM-5020,PO-3011,101,2026-07-14
GM-5021,PO-3012,261,2026-07-10
GM-5022,PO-3012,101,2026-07-15
GM-5023,PO-3013,261,2026-07-31
GM-5024,PO-3013,101,2026-08-05
GM-5025,PO-3014,261,2026-07-11
GM-5026,PO-3014,101,2026-07-16
GM-5027,PO-3016,261,2026-07-13
GM-5028,PO-3016,101,2026-07-18
GM-5029,PO-3017,261,2026-07-14
GM-5030,PO-3017,101,2026-07-19
GM-5031,PO-3018,261,2026-07-15
GM-5032,PO-3018,101,2026-07-20
GM-5033,PO-3019,261,2026-06-04
GM-5034,PO-3019,101,2026-06-09
GM-5035,PO-3020,261,2026-07-04
GM-5036,PO-3020,101,2026-07-09
GM-5037,PO-2001,261,2026-06-21
GM-5038,PO-2001,101,2026-06-26
GM-5039,PO-2002,261,2026-07-19
GM-5040,PO-2002,101,2026-07-24
GM-5041,PO-2003,261,2026-06-21
GM-5042,PO-2003,101,2026-06-26
GM-5043,PO-2004,261,2026-07-16
GM-5044,PO-2004,101,2026-07-21
GM-5045,PO-2005,261,2026-07-05
GM-5046,PO-2005,101,2026-07-10
GM-5047,PO-2006,261,2026-07-18
GM-5048,PO-2006,101,2026-07-23
GM-5049,PO-2007,261,2026-07-19
GM-5050,PO-2007,101,2026-07-24
GM-5051,PO-2008,261,2026-06-27
GM-5052,PO-2008,101,2026-07-02
GM-5053,PO-2009,261,2026-07-19
GM-5054,PO-2009,101,2026-07-24
GM-5055,PO-2010,261,2026-06-21
GM-5056,PO-2010,101,2026-06-26
GM-5057,PO-2011,261,2026-07-07
GM-5058,PO-2011,101,2026-07-12
GM-5059,PO-2012,261,2026-06-23
GM-5060,PO-2012,101,2026-06-28
GM-5061,PO-2013,261,2026-07-17
GM-5062,PO-2013,101,2026-07-22
GM-5063,PO-2014,261,2026-07-13
GM-5064,PO-2014,101,2026-07-18
GM-5065,PO-2015,261,2026-07-04
GM-5066,PO-2015,101,2026-07-09
GM-5067,PO-2016,261,2026-06-26
GM-5068,PO-2016,101,2026-07-01
GM-5069,PO-2017,261,2026-07-18
GM-5070,PO-2017,101,2026-07-23
GM-5071,PO-2018,261,2026-07-20
GM-5072,PO-2018,101,2026-07-25
GM-5073,PO-2019,261,2026-06-30
GM-5074,PO-2019,101,2026-07-05
GM-5075,PO-2020,261,2026-06-25
GM-5076,PO-2020,101,2026-06-30
GM-5077,PO-2021,261,2026-07-12
GM-5078,PO-2021,101,2026-07-17
GM-5079,PO-2022,261,2026-07-11
GM-5080,PO-2022,101,2026-07-16
GM-5081,PO-2023,261,2026-07-13
GM-5082,PO-2023,101,2026-07-18
GM-5083,PO-2024,261,2026-06-28
GM-5084,PO-2024,101,2026-07-03
GM-5085,PO-2025,261,2026-07-16
GM-5086,PO-2025,101,2026-07-21
GM-5087,PO-2026,261,2026-07-14
GM-5088,PO-2026,101,2026-07-19
GM-5089,PO-2027,261,2026-06-24
GM-5090,PO-2027,101,2026-06-29
GM-5091,PO-2028,261,2026-07-16
GM-5092,PO-2028,101,2026-07-21
GM-5093,PO-2029,261,2026-07-14
GM-5094,PO-2029,101,2026-07-19
GM-5095,PO-2030,261,2026-06-28
GM-5096,PO-2030,101,2026-07-03
GM-5097,PO-2031,261,2026-06-26
GM-5098,PO-2031,101,2026-07-01
GM-5099,PO-2032,261,2026-06-27
GM-5100,PO-2032,101,2026-07-02
GM-5101,PO-2033,261,2026-07-19
GM-5102,PO-2033,101,2026-07-24
GM-5103,PO-2034,261,2026-06-23
GM-5104,PO-2034,101,2026-06-28
GM-5105,PO-2035,261,2026-06-28
GM-5106,PO-2035,101,2026-07-03
GM-5107,PO-2036,261,2026-07-06
GM-5108,PO-2036,101,2026-07-11
GM-5109,PO-2037,261,2026-07-13
GM-5110,PO-2037,101,2026-07-18
GM-5111,PO-2038,261,2026-07-19
GM-5112,PO-2038,101,2026-07-24
GM-5113,PO-2039,261,2026-07-14
GM-5114,PO-2039,101,2026-07-19
GM-5115,PO-2041,261,2026-05-28
GM-5116,PO-2041,101,2026-06-02
GM-5117,PO-2042,261,2026-06-13
GM-5118,PO-2042,101,2026-06-18
GM-5119,PO-2043,261,2026-05-25
GM-5120,PO-2043,101,2026-05-30
GM-5121,PO-2044,261,2026-06-18
GM-5122,PO-2044,101,2026-06-23
GM-5123,PO-2045,261,2026-06-06
GM-5124,PO-2045,101,2026-06-11
GM-5125,PO-2046,261,2026-06-18
GM-5126,PO-2046,101,2026-06-23
GM-5127,PO-2047,261,2026-05-21
GM-5128,PO-2047,101,2026-05-26
GM-5129,PO-2048,261,2026-05-21
GM-5130,PO-2048,101,2026-05-26
GM-5131,PO-2049,261,2026-06-07
GM-5132,PO-2049,101,2026-06-12
GM-5133,PO-2050,261,2026-06-19
GM-5134,PO-2050,101,2026-06-24
GM-5135,PO-2051,261,2026-06-18
GM-5136,PO-2051,101,2026-06-23
GM-5137,PO-2052,261,2026-06-18
GM-5138,PO-2052,101,2026-06-23
GM-5139,PO-2053,261,2026-05-22
GM-5140,PO-2053,101,2026-05-27
GM-5141,PO-2054,261,2026-06-14
GM-5142,PO-2054,101,2026-06-19
GM-5143,PO-2055,261,2026-06-09
GM-5144,PO-2055,101,2026-06-14
GM-5145,PO-2056,261,2026-05-26
GM-5146,PO-2056,101,2026-05-31
GM-5147,PO-2057,261,2026-05-26
GM-5148,PO-2057,101,2026-05-31
GM-5149,PO-2058,261,2026-05-25
GM-5150,PO-2058,101,2026-05-30
GM-5151,PO-2059,261,2026-06-04
GM-5152,PO-2059,101,2026-06-09
GM-5153,PO-2060,261,2026-06-19
GM-5154,PO-2060,101,2026-06-24
GM-5155,PO-2061,261,2026-05-31
GM-5156,PO-2061,101,2026-06-05
GM-5157,PO-2062,261,2026-06-09
GM-5158,PO-2062,101,2026-06-14
GM-5159,PO-2063,261,2026-06-04
GM-5160,PO-2063,101,2026-06-09
GM-5161,PO-2064,261,2026-06-03
GM-5162,PO-2064,101,2026-06-08
GM-5163,PO-2065,261,2026-05-27
GM-5164,PO-2065,101,2026-06-01
GM-5165,PO-2066,261,2026-08-17
GM-5166,PO-2066,101,2026-08-22
GM-5167,PO-2067,261,2026-08-05
GM-5168,PO-2067,101,2026-08-10
GM-5169,PO-2068,261,2026-08-01
GM-5170,PO-2068,101,2026-08-06
GM-5171,PO-2071,261,2026-07-02
GM-5172,PO-2071,101,2026-07-07
GM-5173,PO-2072,261,2026-07-20
GM-5174,PO-2072,101,2026-07-25
GM-5175,PO-2073,261,2026-07-09
GM-5176,PO-2073,101,2026-07-14
GM-5177,PO-2074,261,2026-07-11
GM-5178,PO-2074,101,2026-07-16
GM-5179,PO-2075,261,2026-07-02
GM-5180,PO-2075,101,2026-07-07
GM-5181,PO-2076,261,2026-07-19
GM-5182,PO-2076,101,2026-07-24
GM-5183,PO-2077,261,2026-07-05
GM-5184,PO-2077,101,2026-07-10
GM-5185,PO-2078,261,2026-07-04
GM-5186,PO-2078,101,2026-07-09
GM-5187,PO-2079,261,2026-07-02
GM-5188,PO-2079,101,2026-07-07
GM-5189,PO-2080,261,2026-06-25
GM-5190,PO-2080,101,2026-06-30
GM-5191,PO-2081,261,2026-07-18
GM-5192,PO-2081,101,2026-07-23
GM-5193,PO-2082,261,2026-07-01
GM-5194,PO-2082,101,2026-07-06
GM-5195,PO-2083,261,2026-07-01
GM-5196,PO-2083,101,2026-07-06
GM-5197,PO-2084,261,2026-06-29
GM-5198,PO-2084,101,2026-07-04
GM-5199,PO-2085,261,2026-07-19
GM-5200,PO-2085,101,2026-07-24
GM-5201,PO-2086,261,2026-07-19
GM-5202,PO-2086,101,2026-07-24
GM-5203,PO-2087,261,2026-07-17
GM-5204,PO-2087,101,2026-07-22
GM-5205,PO-2088,261,2026-07-05
GM-5206,PO-2088,101,2026-07-10
GM-5207,PO-2089,261,2026-07-19
GM-5208,PO-2089,101,2026-07-24
GM-5209,PO-2090,261,2026-06-29
GM-5210,PO-2090,101,2026-07-04
GM-5211,PO-2091,261,2026-06-28
GM-5212,PO-2091,101,2026-07-03
GM-5213,PO-2092,261,2026-07-09
GM-5214,PO-2092,101,2026-07-14
GM-5215,PO-2093,261,2026-06-24
GM-5216,PO-2093,101,2026-06-29
GM-5217,PO-2094,261,2026-06-26
GM-5218,PO-2094,101,2026-07-01
GM-5219,PO-2095,261,2026-06-24
GM-5220,PO-2095,101,2026-06-29
GM-5221,PO-2096,261,2026-06-24
GM-5222,PO-2096,101,2026-06-29
GM-5223,PO-2097,261,2026-07-11
GM-5224,PO-2097,101,2026-07-16
GM-5225,PO-2098,261,2026-05-28
GM-5226,PO-2098,101,2026-06-02
GM-5227,PO-2099,261,2026-06-15
GM-5228,PO-2099,101,2026-06-20
GM-5229,PO-2100,261,2026-06-01
GM-5230,PO-2100,101,2026-06-06
GM-5231,PO-2101,261,2026-06-06
GM-5232,PO-2101,101,2026-06-11
GM-5233,PO-2102,261,2026-06-06
GM-5234,PO-2102,101,2026-06-11
GM-5235,PO-2103,261,2026-06-11
GM-5236,PO-2103,101,2026-06-16
GM-5237,PO-2104,261,2026-06-08
GM-5238,PO-2104,101,2026-06-13
GM-5239,PO-2105,261,2026-06-12
GM-5240,PO-2105,101,2026-06-17
GM-5241,PO-2106,261,2026-05-31
GM-5242,PO-2106,101,2026-06-05
GM-5243,PO-2107,261,2026-06-17
GM-5244,PO-2107,101,2026-06-22
GM-5245,PO-2108,261,2026-06-11
GM-5246,PO-2108,101,2026-06-16
GM-5247,PO-2109,261,2026-06-11
GM-5248,PO-2109,101,2026-06-16
GM-5249,PO-2110,261,2026-06-13
GM-5250,PO-2110,101,2026-06-18
GM-5251,PO-2111,261,2026-06-05
GM-5252,PO-2111,101,2026-06-10
GM-5253,PO-2112,261,2026-06-01
GM-5254,PO-2112,101,2026-06-06
