inspection_lot_id,production_order_id,decision_seq,decision_date,usage_decision,qty_inspected,qty_accepted
QL-4001,PO-3001,1,2026-07-08,ACCEPT,100,100
QL-4002,PO-3002,1,2026-07-12,ACCEPT,100,100
QL-4003,PO-3003,1,2026-07-09,ACCEPT,100,100
QL-4004,PO-3004,1,2026-07-11,REWORK,100,0
QL-4004,PO-3004,2,2026-07-14,ACCEPT,100,100
QL-4005,PO-3005,1,2026-07-14,ACCEPT,100,100
QL-4006,PO-3006,1,2026-07-15,ACCEPT,100,100
QL-4008,PO-3008,1,2026-07-11,ACCEPT,100,100
QL-4009,PO-3009,1,2026-07-12,ACCEPT,100,100
QL-4010,PO-3010,1,2026-07-18,ACCEPT,100,100
QL-4011,PO-3011,1,2026-07-13,ACCEPT,100,100
QL-4012,PO-3012,1,2026-07-14,REJECT,100,0
QL-4013,PO-3013,1,2026-08-04,ACCEPT,100,100
QL-4014,PO-3014,1,2026-07-15,ACCEPT,100,100
QL-4016,PO-3016,1,2026-07-17,ACCEPT,100,100
QL-4017,PO-3017,1,2026-07-18,ACCEPT,100,100
QL-4018,PO-3018,1,2026-07-19,ACCEPT,100,100
QL-4019,PO-3019,1,2026-06-08,ACCEPT,100,100
QL-4020,PO-3020,1,2026-07-08,ACCEPT,100,100
QL-2001,PO-2001,1,2026-06-25,ACCEPT,100,100
QL-2002,PO-2002,1,2026-07-23,ACCEPT,100,100
QL-2003,PO-2003,1,2026-06-25,ACCEPT,100,100
QL-2004,PO-2004,1,2026-07-20,ACCEPT,100,100
QL-2005,PO-2005,1,2026-07-09,ACCEPT,100,100
QL-2006,PO-2006,1,2026-07-22,REJECT,100,0
QL-2007,PO-2007,1,2026-07-23,ACCEPT,100,100
QL-2008,PO-2008,1,2026-07-01,ACCEPT,100,100
QL-2009,PO-2009,1,2026-07-23,ACCEPT,100,100
QL-2010,PO-2010,1,2026-06-25,ACCEPT,100,100
QL-2011,PO-2011,1,2026-07-11,ACCEPT,100,100
QL-2012,PO-2012,1,2026-06-27,ACCEPT,100,100
QL-2013,PO-2013,1,2026-07-21,ACCEPT,100,100
QL-2014,PO-2014,1,2026-07-17,ACCEPT,100,100
QL-2015,PO-2015,1,2026-07-08,ACCEPT,100,100
QL-2016,PO-2016,1,2026-06-30,ACCEPT,100,100
QL-2017,PO-2017,1,2026-07-22,ACCEPT,100,100
QL-2018,PO-2018,1,2026-07-24,ACCEPT,100,100
QL-2019,PO-2019,1,2026-07-04,ACCEPT,100,100
QL-2020,PO-2020,1,2026-06-29,ACCEPT,100,100
QL-2021,PO-2021,1,2026-07-16,ACCEPT,100,100
QL-2022,PO-2022,1,2026-07-15,ACCEPT,100,100
QL-2023,PO-2023,1,2026-07-17,ACCEPT,100,100
QL-2024,PO-2024,1,2026-07-02,ACCEPT,100,100
QL-2025,PO-2025,1,2026-07-20,ACCEPT,100,100
QL-2026,PO-2026,1,2026-07-18,ACCEPT,100,100
QL-2027,PO-2027,1,2026-06-28,ACCEPT,100,100
QL-2028,PO-2028,1,2026-07-20,ACCEPT,100,100
QL-2029,PO-2029,1,2026-07-18,ACCEPT,100,100
QL-2030,PO-2030,1,2026-07-02,ACCEPT,100,100
QL-2031,PO-2031,1,2026-06-30,ACCEPT,100,100
QL-2032,PO-2032,1,2026-07-01,ACCEPT,100,100
QL-2033,PO-2033,1,2026-07-23,ACCEPT,100,100
QL-2034,PO-2034,1,2026-06-27,ACCEPT,100,100
QL-2035,PO-2035,1,2026-07-02,ACCEPT,100,100
QL-2036,PO-2036,1,2026-07-10,ACCEPT,100,100
QL-2037,PO-2037,1,2026-07-17,ACCEPT,100,100
QL-2038,PO-2038,1,2026-07-23,ACCEPT,100,100
QL-2039,PO-2039,1,2026-07-18,ACCEPT,100,100
QL-2041,PO-2041,1,2026-06-01,ACCEPT,100,100
QL-2042,PO-2042,1,2026-06-17,ACCEPT,100,100
QL-2043,PO-2043,1,2026-05-29,ACCEPT,100,100
QL-2044,PO-2044,1,2026-06-22,ACCEPT,100,100
QL-2045,PO-2045,1,2026-06-10,ACCEPT,100,100
QL-2046,PO-2046,1,2026-06-22,ACCEPT,100,100
QL-2047,PO-2047,1,2026-05-25,ACCEPT,100,100
QL-2048,PO-2048,1,2026-05-25,ACCEPT,100,100
QL-2049,PO-2049,1,2026-06-11,ACCEPT,100,100
QL-2050,PO-2050,1,2026-06-23,ACCEPT,100,100
QL-2051,PO-2051,1,2026-06-22,ACCEPT,100,100
QL-2052,PO-2052,1,2026-06-22,ACCEPT,100,100
QL-2053,PO-2053,1,2026-05-26,ACCEPT,100,100
QL-2054,PO-2054,1,2026-06-18,ACCEPT,100,100
QL-2055,PO-2055,1,2026-06-13,ACCEPT,100,100
QL-2056,PO-2056,1,2026-05-30,ACCEPT,100,100
QL-2057,PO-2057,1,2026-05-30,ACCEPT,100,100
QL-2058,PO-2058,1,2026-05-29,ACCEPT,100,100
QL-2059,PO-2059,1,2026-06-08,ACCEPT,100,100
QL-2060,PO-2060,1,2026-06-23,ACCEPT,100,100
QL-2061,PO-2061,1,2026-06-04,ACCEPT,100,100
QL-2062,PO-2062,1,2026-06-13,ACCEPT,100,100
QL-2063,PO-2063,1,2026-06-08,ACCEPT,100,100
QL-2064,PO-2064,1,2026-06-07,ACCEPT,100,100
QL-2065,PO-2065,1,2026-05-31,ACCEPT,100,100
QL-2066,PO-2066,1,2026-08-21,ACCEPT,100,100
QL-2067,PO-2067,1,2026-08-09,ACCEPT,100,100
QL-2068,PO-2068,1,2026-08-05,ACCEPT,100,100
QL-2071,PO-2071,1,2026-07-06,ACCEPT,100,100
QL-2072,PO-2072,1,2026-07-24,ACCEPT,100,100
QL-2073,PO-2073,1,2026-07-13,ACCEPT,100,100
QL-2074,PO-2074,1,2026-07-15,ACCEPT,100,100
QL-2075,PO-2075,1,2026-07-06,ACCEPT,100,100
QL-2076,PO-2076,1,2026-07-23,ACCEPT,100,100
QL-2077,PO-2077,1,2026-07-09,ACCEPT,100,100
QL-2078,PO-2078,1,2026-07-08,ACCEPT,100,100
QL-2079,PO-2079,1,2026-07-06,ACCEPT,100,100
QL-2080,PO-2080,1,2026-06-29,ACCEPT,100,100
QL-2081,PO-2081,1,2026-07-22,ACCEPT,100,100
QL-2082,PO-2082,1,2026-07-05,ACCEPT,100,100
QL-2083,PO-2083,1,2026-07-05,ACCEPT,100,100
QL-2084,PO-2084,1,2026-07-03,ACCEPT,100,100
QL-2085,PO-2085,1,2026-07-23,ACCEPT,100,100
QL-2086,PO-2086,1,2026-07-23,ACCEPT,100,100
QL-2087,PO-2087,1,2026-07-21,ACCEPT,100,100
QL-2088,PO-2088,1,2026-07-09,ACCEPT,100,100
QL-2089,PO-2089,1,2026-07-23,ACCEPT,100,100
QL-2090,PO-2090,1,2026-07-03,ACCEPT,100,100
QL-2091,PO-2091,1,2026-07-02,ACCEPT,100,100
QL-2092,PO-2092,1,2026-07-13,ACCEPT,100,100
QL-2093,PO-2093,1,2026-06-28,ACCEPT,100,100
QL-2094,PO-2094,1,2026-06-30,ACCEPT,100,100
QL-2095,PO-2095,1,2026-06-28,ACCEPT,100,100
QL-2096,PO-2096,1,2026-06-28,ACCEPT,100,100
QL-2097,PO-2097,1,2026-07-15,ACCEPT,100,100
QL-2098,PO-2098,1,2026-06-01,ACCEPT,100,100
QL-2099,PO-2099,1,2026-06-19,ACCEPT,100,100
QL-2100,PO-2100,1,2026-06-05,ACCEPT,100,100
QL-2101,PO-2101,1,2026-06-10,ACCEPT,100,100
QL-2102,PO-2102,1,2026-06-10,ACCEPT,100,100
QL-2103,PO-2103,1,2026-06-15,ACCEPT,100,100
QL-2104,PO-2104,1,2026-06-12,ACCEPT,100,100
QL-2105,PO-2105,1,2026-06-16,ACCEPT,100,100
QL-2106,PO-2106,1,2026-06-04,ACCEPT,100,100
QL-2107,PO-2107,1,2026-06-21,ACCEPT,100,100
QL-2108,PO-2108,1,2026-06-15,ACCEPT,100,100
QL-2109,PO-2109,1,2026-06-15,ACCEPT,100,100
QL-2110,PO-2110,1,2026-06-17,ACCEPT,100,100
QL-2111,PO-2111,1,2026-06-09,ACCEPT,100,100
QL-2112,PO-2112,1,2026-06-05,ACCEPT,100,100
