production_order_id,order_id,plant,mrp_date,release_date,scheduled_finish_date,material_issue_date,confirm_date,gr_date,status
PO-3001,SO-1001,1010,2026-07-02,2026-07-03,2026-07-08,2026-07-04,2026-07-07,2026-07-09,DLVD
PO-3002,SO-1002,1010,2026-07-02,2026-07-03,2026-07-08,2026-07-04,2026-07-07,2026-07-13,DLVD
PO-3003,SO-1003,1010,2026-07-03,2026-07-04,2026-07-09,2026-07-05,2026-07-08,2026-07-10,DLVD
PO-3004,SO-1004,1010,2026-07-03,2026-07-04,2026-07-09,2026-07-05,2026-07-08,2026-07-15,DLVD
PO-3005,SO-1005,1010,2026-07-04,2026-07-05,2026-07-12,2026-07-06,2026-07-13,2026-07-15,DLVD
PO-3006,SO-1006,1010,2026-07-04,2026-07-05,2026-07-08,2026-07-06,2026-07-09,2026-07-16,DLVD
PO-3007,SO-1007,1010,2026-07-05,2026-07-06,,,,,CANC
PO-3008,SO-1008,1010,2026-07-05,2026-07-06,2026-07-11,2026-07-07,2026-07-10,2026-07-12,DLVD
PO-3009,SO-1009,1010,2026-07-06,2026-07-07,2026-07-12,2026-07-08,2026-07-11,2026-07-13,DLVD
PO-3010,SO-1010,1010,2026-07-07,2026-07-08,2026-07-13,2026-07-09,2026-07-12,2026-07-19,DLVD
PO-3011,SO-1011,1010,2026-07-07,2026-07-08,2026-07-13,2026-07-09,2026-07-12,2026-07-14,DLVD
PO-3012,SO-1012,1010,2026-07-08,2026-07-09,2026-07-14,2026-07-10,2026-07-13,2026-07-15,DLVD
PO-3013,SO-1013,1010,2026-07-29,2026-07-30,2026-08-04,2026-07-31,2026-08-03,2026-08-05,IN_TRANSIT
PO-3014,SO-1014,1010,2026-07-09,2026-07-10,2026-07-15,2026-07-11,2026-07-14,2026-07-16,DLVD
PO-3016,SO-1016,1010,2026-07-11,2026-07-12,2026-07-17,2026-07-13,2026-07-16,2026-07-18,DLVD
PO-3017,SO-1017,1010,2026-07-12,2026-07-13,2026-07-18,2026-07-14,2026-07-17,2026-07-19,DLVD
PO-3018,SO-1018,1010,2026-07-13,2026-07-14,2026-07-19,2026-07-15,2026-07-18,2026-07-20,DLVD
PO-3019,SO-1019,1010,2026-06-02,2026-06-03,2026-06-08,2026-06-04,2026-06-07,2026-06-09,DLVD
PO-3020,SO-1020,1710,2026-07-02,2026-07-03,2026-07-08,2026-07-04,2026-07-07,2026-07-09,DLVD
PO-2001,SO-2001,1010,2026-06-19,2026-06-20,2026-06-23,2026-06-21,2026-06-24,2026-06-26,DLVD
PO-2002,SO-2002,1010,2026-07-17,2026-07-18,2026-07-23,2026-07-19,2026-07-22,2026-07-24,DLVD
PO-2003,SO-2003,1010,2026-06-19,2026-06-20,2026-06-25,2026-06-21,2026-06-24,2026-06-26,DLVD
PO-2004,SO-2004,1010,2026-07-14,2026-07-15,2026-07-20,2026-07-16,2026-07-19,2026-07-21,DLVD
PO-2005,SO-2005,1010,2026-07-03,2026-07-04,2026-07-09,2026-07-05,2026-07-08,2026-07-10,DLVD
PO-2006,SO-2006,1010,2026-07-16,2026-07-17,2026-07-22,2026-07-18,2026-07-21,2026-07-23,DLVD
PO-2007,SO-2007,1010,2026-07-17,2026-07-18,2026-07-23,2026-07-19,2026-07-22,2026-07-24,DLVD
PO-2008,SO-2008,1010,2026-06-25,2026-06-26,2026-07-01,2026-06-27,2026-06-30,2026-07-02,DLVD
PO-2009,SO-2009,1010,2026-07-17,2026-07-18,2026-07-23,2026-07-19,2026-07-22,2026-07-24,DLVD
PO-2010,SO-2010,1010,2026-06-19,2026-06-20,2026-06-25,2026-06-21,2026-06-24,2026-06-26,DLVD
PO-2011,SO-2011,1010,2026-07-05,2026-07-06,2026-07-09,2026-07-07,2026-07-10,2026-07-12,DLVD
PO-2012,SO-2012,1010,2026-06-21,2026-06-22,2026-06-27,2026-06-23,2026-06-26,2026-06-28,DLVD
PO-2013,SO-2013,1010,2026-07-15,2026-07-16,2026-07-21,2026-07-17,2026-07-20,2026-07-22,DLVD
PO-2014,SO-2014,1010,2026-07-11,2026-07-12,2026-07-17,2026-07-13,2026-07-16,2026-07-18,DLVD
PO-2015,SO-2015,1010,2026-07-02,2026-07-03,2026-07-08,2026-07-04,2026-07-07,2026-07-09,DLVD
PO-2016,SO-2016,1010,2026-06-24,2026-06-25,2026-06-30,2026-06-26,2026-06-29,2026-07-01,DLVD
PO-2017,SO-2017,1010,2026-07-16,2026-07-17,2026-07-22,2026-07-18,2026-07-21,2026-07-23,DLVD
PO-2018,SO-2018,1010,2026-07-18,2026-07-19,2026-07-24,2026-07-20,2026-07-23,2026-07-25,DLVD
PO-2019,SO-2019,1010,2026-06-28,2026-06-29,2026-07-04,2026-06-30,2026-07-03,2026-07-05,DLVD
PO-2020,SO-2020,1010,2026-06-23,2026-06-24,2026-06-29,2026-06-25,2026-06-28,2026-06-30,DLVD
PO-2021,SO-2021,1010,2026-07-10,2026-07-11,2026-07-16,2026-07-12,2026-07-15,2026-07-17,DLVD
PO-2022,SO-2022,1010,2026-07-09,2026-07-10,2026-07-15,2026-07-11,2026-07-14,2026-07-16,DLVD
PO-2023,SO-2023,1010,2026-07-11,2026-07-12,2026-07-17,2026-07-13,2026-07-16,2026-07-18,DLVD
PO-2024,SO-2024,1010,2026-06-26,2026-06-27,2026-07-02,2026-06-28,2026-07-01,2026-07-03,DLVD
PO-2025,SO-2025,1010,2026-07-14,2026-07-15,2026-07-20,2026-07-16,2026-07-19,2026-07-21,DLVD
PO-2026,SO-2026,1010,2026-07-12,2026-07-13,2026-07-18,2026-07-14,2026-07-17,2026-07-19,DLVD
PO-2027,SO-2027,1010,2026-06-22,2026-06-23,2026-06-28,2026-06-24,2026-06-27,2026-06-29,DLVD
PO-2028,SO-2028,1010,2026-07-14,2026-07-15,2026-07-20,2026-07-16,2026-07-19,2026-07-21,DLVD
PO-2029,SO-2029,1010,2026-07-12,2026-07-13,2026-07-18,2026-07-14,2026-07-17,2026-07-19,DLVD
PO-2030,SO-2030,1010,2026-06-26,2026-06-27,2026-07-02,2026-06-28,2026-07-01,2026-07-03,DLVD
PO-2031,SO-2031,1010,2026-06-24,2026-06-25,2026-06-30,2026-06-26,2026-06-29,2026-07-01,DLVD
PO-2032,SO-2032,1010,2026-06-25,2026-06-26,2026-07-01,2026-06-27,2026-06-30,2026-07-02,DLVD
PO-2033,SO-2033,1010,2026-07-17,2026-07-18,2026-07-23,2026-07-19,2026-07-22,2026-07-24,DLVD
PO-2034,SO-2034,1010,2026-06-21,2026-06-22,2026-06-27,2026-06-23,2026-06-26,2026-06-28,DLVD
PO-2035,SO-2035,1010,2026-06-26,2026-06-27,2026-07-02,2026-06-28,2026-07-01,2026-07-03,DLVD
PO-2036,SO-2036,1010,2026-07-04,2026-07-05,2026-07-10,2026-07-06,2026-07-09,2026-07-11,DLVD
PO-2037,SO-2037,1010,2026-07-11,2026-07-12,2026-07-17,2026-07-13,2026-07-16,2026-07-18,DLVD
PO-2038,SO-2038,1010,2026-07-17,2026-07-18,2026-07-23,2026-07-19,2026-07-22,2026-07-24,DLVD
PO-2039,SO-2039,1010,2026-07-12,2026-07-13,2026-07-18,2026-07-14,2026-07-17,2026-07-19,DLVD
PO-2040,SO-2040,1010,2026-05-23,2026-05-24,,,,,CANC
PO-2041,SO-2041,1010,2026-05-26,2026-05-27,2026-06-01,2026-05-28,2026-05-31,2026-06-02,DLVD
PO-2042,SO-2042,1010,2026-06-11,2026-06-12,2026-06-17,2026-06-13,2026-06-16,2026-06-18,DLVD
PO-2043,SO-2043,1010,2026-05-23,2026-05-24,2026-05-29,2026-05-25,2026-05-28,2026-05-30,DLVD
PO-2044,SO-2044,1010,2026-06-16,2026-06-17,2026-06-22,2026-06-18,2026-06-21,2026-06-23,DLVD
PO-2045,SO-2045,1010,2026-06-04,2026-06-05,2026-06-10,2026-06-06,2026-06-09,2026-06-11,DLVD
PO-2046,SO-2046,1010,2026-06-16,2026-06-17,2026-06-22,2026-06-18,2026-06-21,2026-06-23,DLVD
PO-2047,SO-2047,1010,2026-05-19,2026-05-20,2026-05-25,2026-05-21,2026-05-24,2026-05-26,DLVD
PO-2048,SO-2048,1010,2026-05-19,2026-05-20,2026-05-25,2026-05-21,2026-05-24,2026-05-26,DLVD
PO-2049,SO-2049,1010,2026-06-05,2026-06-06,2026-06-11,2026-06-07,2026-06-10,2026-06-12,DLVD
PO-2050,SO-2050,1010,2026-06-17,2026-06-18,2026-06-23,2026-06-19,2026-06-22,2026-06-24,DLVD
PO-2051,SO-2051,1010,2026-06-16,2026-06-17,2026-06-22,2026-06-18,2026-06-21,2026-06-23,DLVD
PO-2052,SO-2052,1010,2026-06-16,2026-06-17,2026-06-22,2026-06-18,2026-06-21,2026-06-23,DLVD
PO-2053,SO-2053,1010,2026-05-20,2026-05-21,2026-05-26,2026-05-22,2026-05-25,2026-05-27,DLVD
PO-2054,SO-2054,1010,2026-06-12,2026-06-13,2026-06-18,2026-06-14,2026-06-17,2026-06-19,DLVD
PO-2055,SO-2055,1010,2026-06-07,2026-06-08,2026-06-13,2026-06-09,2026-06-12,2026-06-14,DLVD
PO-2056,SO-2056,1010,2026-05-24,2026-05-25,2026-05-30,2026-05-26,2026-05-29,2026-05-31,DLVD
PO-2057,SO-2057,1010,2026-05-24,2026-05-25,2026-05-30,2026-05-26,2026-05-29,2026-05-31,DLVD
PO-2058,SO-2058,1010,2026-05-23,2026-05-24,2026-05-29,2026-05-25,2026-05-28,2026-05-30,DLVD
PO-2059,SO-2059,1010,2026-06-02,2026-06-03,2026-06-08,2026-06-04,2026-06-07,2026-06-09,DLVD
PO-2060,SO-2060,1010,2026-06-17,2026-06-18,2026-06-23,2026-06-19,2026-06-22,2026-06-24,DLVD
PO-2061,SO-2061,1010,2026-05-29,2026-05-30,2026-06-04,2026-05-31,2026-06-03,2026-06-05,DLVD
PO-2062,SO-2062,1010,2026-06-07,2026-06-08,2026-06-13,2026-06-09,2026-06-12,2026-06-14,DLVD
PO-2063,SO-2063,1010,2026-06-02,2026-06-03,2026-06-08,2026-06-04,2026-06-07,2026-06-09,DLVD
PO-2064,SO-2064,1010,2026-06-01,2026-06-02,2026-06-07,2026-06-03,2026-06-06,2026-06-08,DLVD
PO-2065,SO-2065,1010,2026-05-25,2026-05-26,2026-05-31,2026-05-27,2026-05-30,2026-06-01,DLVD
PO-2066,SO-2066,1010,2026-08-15,2026-08-16,2026-08-21,2026-08-17,2026-08-20,2026-08-22,IN_TRANSIT
PO-2067,SO-2067,1010,2026-08-03,2026-08-04,2026-08-09,2026-08-05,2026-08-08,2026-08-10,IN_TRANSIT
PO-2068,SO-2068,1010,2026-07-30,2026-07-31,2026-08-05,2026-08-01,2026-08-04,2026-08-06,IN_TRANSIT
PO-2069,SO-2069,1710,2026-07-17,2026-07-18,,,,,CANC
PO-2070,SO-2070,1710,2026-07-09,2026-07-10,,,,,CANC
PO-2071,SO-2071,1710,2026-06-30,2026-07-01,2026-07-06,2026-07-02,2026-07-05,2026-07-07,DLVD
PO-2072,SO-2072,1710,2026-07-18,2026-07-19,2026-07-24,2026-07-20,2026-07-23,2026-07-25,DLVD
PO-2073,SO-2073,1710,2026-07-07,2026-07-08,2026-07-13,2026-07-09,2026-07-12,2026-07-14,DLVD
PO-2074,SO-2074,1710,2026-07-09,2026-07-10,2026-07-15,2026-07-11,2026-07-14,2026-07-16,DLVD
PO-2075,SO-2075,1710,2026-06-30,2026-07-01,2026-07-06,2026-07-02,2026-07-05,2026-07-07,DLVD
PO-2076,SO-2076,1710,2026-07-17,2026-07-18,2026-07-23,2026-07-19,2026-07-22,2026-07-24,DLVD
PO-2077,SO-2077,1710,2026-07-03,2026-07-04,2026-07-09,2026-07-05,2026-07-08,2026-07-10,DLVD
PO-2078,SO-2078,1710,2026-07-02,2026-07-03,2026-07-08,2026-07-04,2026-07-07,2026-07-09,DLVD
PO-2079,SO-2079,1710,2026-06-30,2026-07-01,2026-07-06,2026-07-02,2026-07-05,2026-07-07,DLVD
PO-2080,SO-2080,1710,2026-06-23,2026-06-24,2026-06-29,2026-06-25,2026-06-28,2026-06-30,DLVD
PO-2081,SO-2081,1710,2026-07-16,2026-07-17,2026-07-22,2026-07-18,2026-07-21,2026-07-23,DLVD
PO-2082,SO-2082,1710,2026-06-29,2026-06-30,2026-07-05,2026-07-01,2026-07-04,2026-07-06,DLVD
PO-2083,SO-2083,1710,2026-06-29,2026-06-30,2026-07-05,2026-07-01,2026-07-04,2026-07-06,DLVD
PO-2084,SO-2084,1710,2026-06-27,2026-06-28,2026-07-03,2026-06-29,2026-07-02,2026-07-04,DLVD
PO-2085,SO-2085,1710,2026-07-17,2026-07-18,2026-07-23,2026-07-19,2026-07-22,2026-07-24,DLVD
PO-2086,SO-2086,1710,2026-07-17,2026-07-18,2026-07-23,2026-07-19,2026-07-22,2026-07-24,DLVD
PO-2087,SO-2087,1710,2026-07-15,2026-07-16,2026-07-21,2026-07-17,2026-07-20,2026-07-22,DLVD
PO-2088,SO-2088,1710,2026-07-03,2026-07-04,2026-07-09,2026-07-05,2026-07-08,2026-07-10,DLVD
PO-2089,SO-2089,1710,2026-07-17,2026-07-18,2026-07-23,2026-07-19,2026-07-22,2026-07-24,DLVD
PO-2090,SO-2090,1710,2026-06-27,2026-06-28,2026-07-03,2026-06-29,2026-07-02,2026-07-04,DLVD
PO-2091,SO-2091,1710,2026-06-26,2026-06-27,2026-07-02,2026-06-28,2026-07-01,2026-07-03,DLVD
PO-2092,SO-2092,1710,2026-07-07,2026-07-08,2026-07-13,2026-07-09,2026-07-12,2026-07-14,DLVD
PO-2093,SO-2093,1710,2026-06-22,2026-06-23,2026-06-28,2026-06-24,2026-06-27,2026-06-29,DLVD
PO-2094,SO-2094,1710,2026-06-24,2026-06-25,2026-06-30,2026-06-26,2026-06-29,2026-07-01,DLVD
PO-2095,SO-2095,1710,2026-06-22,2026-06-23,2026-06-28,2026-06-24,2026-06-27,2026-06-29,DLVD
PO-2096,SO-2096,1710,2026-06-22,2026-06-23,2026-06-28,2026-06-24,2026-06-27,2026-06-29,DLVD
PO-2097,SO-2097,1710,2026-07-09,2026-07-10,2026-07-15,2026-07-11,2026-07-14,2026-07-16,DLVD
PO-2098,SO-2098,1710,2026-05-26,2026-05-27,2026-06-01,2026-05-28,2026-05-31,2026-06-02,DLVD
PO-2099,SO-2099,1710,2026-06-13,2026-06-14,2026-06-19,2026-06-15,2026-06-18,2026-06-20,DLVD
PO-2100,SO-2100,1710,2026-05-30,2026-05-31,2026-06-05,2026-06-01,2026-06-04,2026-06-06,DLVD
PO-2101,SO-2101,1710,2026-06-04,2026-06-05,2026-06-10,2026-06-06,2026-06-09,2026-06-11,DLVD
PO-2102,SO-2102,1710,2026-06-04,2026-06-05,2026-06-10,2026-06-06,2026-06-09,2026-06-11,DLVD
PO-2103,SO-2103,1710,2026-06-09,2026-06-10,2026-06-15,2026-06-11,2026-06-14,2026-06-16,DLVD
PO-2104,SO-2104,1710,2026-06-06,2026-06-07,2026-06-12,2026-06-08,2026-06-11,2026-06-13,DLVD
PO-2105,SO-2105,1710,2026-06-10,2026-06-11,2026-06-16,2026-06-12,2026-06-15,2026-06-17,DLVD
PO-2106,SO-2106,1710,2026-05-29,2026-05-30,2026-06-04,2026-05-31,2026-06-03,2026-06-05,DLVD
PO-2107,SO-2107,1710,2026-06-15,2026-06-16,2026-06-21,2026-06-17,2026-06-20,2026-06-22,DLVD
PO-2108,SO-2108,1710,2026-06-09,2026-06-10,2026-06-15,2026-06-11,2026-06-14,2026-06-16,DLVD
PO-2109,SO-2109,1710,2026-06-09,2026-06-10,2026-06-15,2026-06-11,2026-06-14,2026-06-16,DLVD
PO-2110,SO-2110,1710,2026-06-11,2026-06-12,2026-06-17,2026-06-13,2026-06-16,2026-06-18,DLVD
PO-2111,SO-2111,1710,2026-06-03,2026-06-04,2026-06-09,2026-06-05,2026-06-08,2026-06-10,DLVD
PO-2112,SO-2112,1710,2026-05-30,2026-05-31,2026-06-05,2026-06-01,2026-06-04,2026-06-06,DLVD
