order_id,region,plant,warehouse,carrier,customer_id,order_date,promised_delivery_date,promised_date_original,order_status
SO-1001,IN,1010,WH-IN-01,BLUEDART,C-IN-001,2026-07-01,2026-07-13,,DLVD
SO-1002,IN,1010,WH-IN-01,BLUEDART,C-IN-002,2026-07-01,2026-07-13,,DLVD
SO-1003,IN,1010,WH-IN-01,FEDEX,C-IN-003,2026-07-02,2026-07-14,,DLVD
SO-1004,IN,1010,WH-IN-01,BLUEDART,C-IN-004,2026-07-02,2026-07-14,,DLVD
SO-1005,IN,1010,WH-IN-01,BLUEDART,C-IN-005,2026-07-03,2026-07-15,,DLVD
SO-1006,IN,1010,WH-IN-01,FEDEX,C-IN-006,2026-07-03,2026-07-15,,DLVD
SO-1007,IN,1010,WH-IN-01,BLUEDART,C-IN-007,2026-07-04,2026-07-16,,CANC
SO-1008,IN,1010,WH-IN-01,BLUEDART,C-IN-008,2026-07-04,2026-07-16,,DLVD
SO-1009,IN,1010,WH-IN-01,FEDEX,C-IN-009,2026-07-05,2026-07-17,,DLVD
SO-1010,IN,1010,WH-IN-01,BLUEDART,C-IN-010,2026-07-06,2026-07-18,,DLVD
SO-1011,IN,1010,WH-IN-01,BLUEDART,C-IN-011,2026-07-06,2026-07-24,2026-07-18,DLVD
SO-1012,IN,1010,WH-IN-01,FEDEX,C-IN-012,2026-07-07,2026-07-19,,DLVD
SO-1013,IN,1010,WH-IN-01,BLUEDART,C-IN-013,2026-07-28,2026-08-12,,IN_TRANSIT
SO-1014,IN,1010,WH-IN-01,BLUEDART,C-IN-014,2026-07-08,2026-07-20,,DLVD
SO-1015,IN,1010,WH-IN-01,BLUEDART,C-IN-015,2026-07-09,2026-07-21,,DLVD
SO-1016,IN,1010,WH-IN-01,FEDEX,C-IN-016,2026-07-10,2026-07-22,,DLVD
SO-1017,IN,1010,WH-IN-01,BLUEDART,C-IN-017,2026-07-11,2026-07-23,,DLVD
SO-1018,IN,1010,WH-IN-01,BLUEDART,C-IN-018,2026-07-12,2026-07-24,,DLVD
SO-1019,IN,1010,WH-IN-01,BLUEDART,C-IN-019,2026-06-01,2026-06-13,,DLVD
SO-1020,US,1710,WH-US-01,FEDEX,C-US-001,2026-07-01,2026-07-13,,DLVD
SO-2001,IN,1010,WH-IN-01,FEDEX,C-IN-888,2026-06-18,2026-07-02,,DLVD
SO-2002,IN,1010,WH-IN-01,FEDEX,C-IN-557,2026-07-16,2026-07-30,,DLVD
SO-2003,IN,1010,WH-IN-01,FEDEX,C-IN-542,2026-06-18,2026-07-02,,DLVD
SO-2004,IN,1010,WH-IN-01,FEDEX,C-IN-396,2026-07-13,2026-07-27,,DLVD
SO-2005,IN,1010,WH-IN-01,FEDEX,C-IN-179,2026-07-02,2026-07-16,,DLVD
SO-2006,IN,1010,WH-IN-01,BLUEDART,C-IN-720,2026-07-15,2026-07-29,,DLVD
SO-2007,IN,1010,WH-IN-01,BLUEDART,C-IN-650,2026-07-16,2026-07-30,,DLVD
SO-2008,IN,1010,WH-IN-01,BLUEDART,C-IN-192,2026-06-24,2026-07-08,,DLVD
SO-2009,IN,1010,WH-IN-01,FEDEX,C-IN-638,2026-07-16,2026-07-30,,DLVD
SO-2010,IN,1010,WH-IN-01,FEDEX,C-IN-688,2026-06-18,2026-07-02,,DLVD
SO-2011,IN,1010,WH-IN-01,BLUEDART,C-IN-522,2026-07-04,2026-07-18,,DLVD
SO-2012,IN,1010,WH-IN-01,BLUEDART,C-IN-654,2026-06-20,2026-07-04,,DLVD
SO-2013,IN,1010,WH-IN-01,BLUEDART,C-IN-543,2026-07-14,2026-07-28,,DLVD
SO-2014,IN,1010,WH-IN-01,BLUEDART,C-IN-450,2026-07-10,2026-07-24,,DLVD
SO-2015,IN,1010,WH-IN-01,BLUEDART,C-IN-701,2026-07-01,2026-07-15,,DLVD
SO-2016,IN,1010,WH-IN-01,BLUEDART,C-IN-897,2026-06-23,2026-07-07,,DLVD
SO-2017,IN,1010,WH-IN-01,BLUEDART,C-IN-234,2026-07-15,2026-07-29,,DLVD
SO-2018,IN,1010,WH-IN-01,BLUEDART,C-IN-288,2026-07-17,2026-07-31,,DLVD
SO-2019,IN,1010,WH-IN-01,BLUEDART,C-IN-809,2026-06-27,2026-07-11,,DLVD
SO-2020,IN,1010,WH-IN-01,BLUEDART,C-IN-126,2026-06-22,2026-07-06,,DLVD
SO-2021,IN,1010,WH-IN-01,FEDEX,C-IN-904,2026-07-09,2026-07-23,,DLVD
SO-2022,IN,1010,WH-IN-01,BLUEDART,C-IN-947,2026-07-08,2026-07-22,,DLVD
SO-2023,IN,1010,WH-IN-01,BLUEDART,C-IN-457,2026-07-10,2026-07-24,,DLVD
SO-2024,IN,1010,WH-IN-01,BLUEDART,C-IN-990,2026-06-25,2026-07-09,,DLVD
SO-2025,IN,1010,WH-IN-01,FEDEX,C-IN-521,2026-07-13,2026-07-27,,DLVD
SO-2026,IN,1010,WH-IN-01,FEDEX,C-IN-943,2026-07-11,2026-07-25,,DLVD
SO-2027,IN,1010,WH-IN-01,FEDEX,C-IN-722,2026-06-21,2026-07-05,,DLVD
SO-2028,IN,1010,WH-IN-01,FEDEX,C-IN-564,2026-07-13,2026-07-27,,DLVD
SO-2029,IN,1010,WH-IN-01,FEDEX,C-IN-692,2026-07-11,2026-07-25,,DLVD
SO-2030,IN,1010,WH-IN-01,BLUEDART,C-IN-300,2026-06-25,2026-07-09,,DLVD
SO-2031,IN,1010,WH-IN-01,BLUEDART,C-IN-157,2026-06-23,2026-07-07,,DLVD
SO-2032,IN,1010,WH-IN-01,BLUEDART,C-IN-574,2026-06-24,2026-07-08,,DLVD
SO-2033,IN,1010,WH-IN-01,FEDEX,C-IN-953,2026-07-16,2026-07-30,,DLVD
SO-2034,IN,1010,WH-IN-01,BLUEDART,C-IN-307,2026-06-20,2026-07-04,,DLVD
SO-2035,IN,1010,WH-IN-01,FEDEX,C-IN-856,2026-06-25,2026-07-09,,DLVD
SO-2036,IN,1010,WH-IN-01,BLUEDART,C-IN-517,2026-07-03,2026-07-17,,DLVD
SO-2037,IN,1010,WH-IN-01,BLUEDART,C-IN-951,2026-07-10,2026-07-24,,DLVD
SO-2038,IN,1010,WH-IN-01,BLUEDART,C-IN-553,2026-07-16,2026-07-30,,DLVD
SO-2039,IN,1010,WH-IN-01,BLUEDART,C-IN-942,2026-07-11,2026-07-25,,DLVD
SO-2040,IN,1010,WH-IN-01,FEDEX,C-IN-149,2026-05-22,2026-06-05,,CANC
SO-2041,IN,1010,WH-IN-01,BLUEDART,C-IN-579,2026-05-25,2026-06-08,,DLVD
SO-2042,IN,1010,WH-IN-01,FEDEX,C-IN-553,2026-06-10,2026-06-24,,DLVD
SO-2043,IN,1010,WH-IN-01,BLUEDART,C-IN-632,2026-05-22,2026-06-05,,DLVD
SO-2044,IN,1010,WH-IN-01,BLUEDART,C-IN-390,2026-06-15,2026-06-29,,DLVD
SO-2045,IN,1010,WH-IN-01,FEDEX,C-IN-721,2026-06-03,2026-06-17,,DLVD
SO-2046,IN,1010,WH-IN-01,BLUEDART,C-IN-216,2026-06-15,2026-06-29,,DLVD
SO-2047,IN,1010,WH-IN-01,FEDEX,C-IN-565,2026-05-18,2026-06-01,,DLVD
SO-2048,IN,1010,WH-IN-01,FEDEX,C-IN-837,2026-05-18,2026-06-01,,DLVD
SO-2049,IN,1010,WH-IN-01,BLUEDART,C-IN-830,2026-06-04,2026-06-18,,DLVD
SO-2050,IN,1010,WH-IN-01,BLUEDART,C-IN-863,2026-06-16,2026-06-30,,DLVD
SO-2051,IN,1010,WH-IN-01,FEDEX,C-IN-474,2026-06-15,2026-06-29,,DLVD
SO-2052,IN,1010,WH-IN-01,BLUEDART,C-IN-532,2026-06-15,2026-06-29,,DLVD
SO-2053,IN,1010,WH-IN-01,BLUEDART,C-IN-569,2026-05-19,2026-06-02,,DLVD
SO-2054,IN,1010,WH-IN-01,FEDEX,C-IN-234,2026-06-11,2026-06-25,,DLVD
SO-2055,IN,1010,WH-IN-01,FEDEX,C-IN-400,2026-06-06,2026-06-20,,DLVD
SO-2056,IN,1010,WH-IN-01,FEDEX,C-IN-678,2026-05-23,2026-06-06,,DLVD
SO-2057,IN,1010,WH-IN-01,FEDEX,C-IN-500,2026-05-23,2026-06-06,,DLVD
SO-2058,IN,1010,WH-IN-01,BLUEDART,C-IN-208,2026-05-22,2026-06-05,,DLVD
SO-2059,IN,1010,WH-IN-01,FEDEX,C-IN-837,2026-06-01,2026-06-15,,DLVD
SO-2060,IN,1010,WH-IN-01,BLUEDART,C-IN-202,2026-06-16,2026-06-30,,DLVD
SO-2061,IN,1010,WH-IN-01,FEDEX,C-IN-181,2026-05-28,2026-06-11,,DLVD
SO-2062,IN,1010,WH-IN-01,FEDEX,C-IN-783,2026-06-06,2026-06-20,,DLVD
SO-2063,IN,1010,WH-IN-01,FEDEX,C-IN-785,2026-06-01,2026-06-15,,DLVD
SO-2064,IN,1010,WH-IN-01,BLUEDART,C-IN-787,2026-05-31,2026-06-14,,DLVD
SO-2065,IN,1010,WH-IN-01,BLUEDART,C-IN-821,2026-05-24,2026-06-07,,DLVD
SO-2066,IN,1010,WH-IN-01,BLUEDART,C-IN-584,2026-08-14,2026-08-28,,IN_TRANSIT
SO-2067,IN,1010,WH-IN-01,FEDEX,C-IN-262,2026-08-02,2026-08-16,,IN_TRANSIT
SO-2068,IN,1010,WH-IN-01,BLUEDART,C-IN-725,2026-07-29,2026-08-12,,IN_TRANSIT
SO-2069,US,1710,WH-US-01,BLUEDART,C-US-100,2026-07-16,2026-07-30,,CANC
SO-2070,US,1710,WH-US-01,FEDEX,C-US-209,2026-07-08,2026-07-22,,CANC
SO-2071,US,1710,WH-US-01,FEDEX,C-US-762,2026-06-29,2026-07-13,,DLVD
SO-2072,US,1710,WH-US-01,FEDEX,C-US-526,2026-07-17,2026-07-31,,DLVD
SO-2073,US,1710,WH-US-01,BLUEDART,C-US-147,2026-07-06,2026-07-20,,DLVD
SO-2074,US,1710,WH-US-01,BLUEDART,C-US-291,2026-07-08,2026-07-22,,DLVD
SO-2075,US,1710,WH-US-01,BLUEDART,C-US-783,2026-06-29,2026-07-13,,DLVD
SO-2076,US,1710,WH-US-01,FEDEX,C-US-118,2026-07-16,2026-07-30,,DLVD
SO-2077,US,1710,WH-US-01,BLUEDART,C-US-541,2026-07-02,2026-07-16,,DLVD
SO-2078,US,1710,WH-US-01,BLUEDART,C-US-571,2026-07-01,2026-07-15,,DLVD
SO-2079,US,1710,WH-US-01,FEDEX,C-US-186,2026-06-29,2026-07-13,,DLVD
SO-2080,US,1710,WH-US-01,BLUEDART,C-US-189,2026-06-22,2026-07-06,,DLVD
SO-2081,US,1710,WH-US-01,BLUEDART,C-US-217,2026-07-15,2026-07-29,,DLVD
SO-2082,US,1710,WH-US-01,BLUEDART,C-US-420,2026-06-28,2026-07-12,,DLVD
SO-2083,US,1710,WH-US-01,FEDEX,C-US-799,2026-06-28,2026-07-12,,DLVD
SO-2084,US,1710,WH-US-01,FEDEX,C-US-382,2026-06-26,2026-07-10,,DLVD
SO-2085,US,1710,WH-US-01,BLUEDART,C-US-205,2026-07-16,2026-07-30,,DLVD
SO-2086,US,1710,WH-US-01,BLUEDART,C-US-910,2026-07-16,2026-07-30,,DLVD
SO-2087,US,1710,WH-US-01,FEDEX,C-US-475,2026-07-14,2026-07-28,,DLVD
SO-2088,US,1710,WH-US-01,BLUEDART,C-US-535,2026-07-02,2026-07-16,,DLVD
SO-2089,US,1710,WH-US-01,FEDEX,C-US-211,2026-07-16,2026-07-30,,DLVD
SO-2090,US,1710,WH-US-01,BLUEDART,C-US-432,2026-06-26,2026-07-10,,DLVD
SO-2091,US,1710,WH-US-01,BLUEDART,C-US-717,2026-06-25,2026-07-09,,DLVD
SO-2092,US,1710,WH-US-01,BLUEDART,C-US-630,2026-07-06,2026-07-20,,DLVD
SO-2093,US,1710,WH-US-01,FEDEX,C-US-531,2026-06-21,2026-07-05,,DLVD
SO-2094,US,1710,WH-US-01,BLUEDART,C-US-686,2026-06-23,2026-07-07,,DLVD
SO-2095,US,1710,WH-US-01,BLUEDART,C-US-288,2026-06-21,2026-07-05,,DLVD
SO-2096,US,1710,WH-US-01,FEDEX,C-US-675,2026-06-21,2026-07-05,,DLVD
SO-2097,US,1710,WH-US-01,FEDEX,C-US-611,2026-07-08,2026-07-22,,DLVD
SO-2098,US,1710,WH-US-01,FEDEX,C-US-152,2026-05-25,2026-06-08,,DLVD
SO-2099,US,1710,WH-US-01,FEDEX,C-US-334,2026-06-12,2026-06-26,,DLVD
SO-2100,US,1710,WH-US-01,FEDEX,C-US-981,2026-05-29,2026-06-12,,DLVD
SO-2101,US,1710,WH-US-01,BLUEDART,C-US-528,2026-06-03,2026-06-17,,DLVD
SO-2102,US,1710,WH-US-01,BLUEDART,C-US-878,2026-06-03,2026-06-17,,DLVD
SO-2103,US,1710,WH-US-01,BLUEDART,C-US-387,2026-06-08,2026-06-22,,DLVD
SO-2104,US,1710,WH-US-01,BLUEDART,C-US-431,2026-06-05,2026-06-19,,DLVD
SO-2105,US,1710,WH-US-01,BLUEDART,C-US-904,2026-06-09,2026-06-23,,DLVD
SO-2106,US,1710,WH-US-01,FEDEX,C-US-318,2026-05-28,2026-06-11,,DLVD
SO-2107,US,1710,WH-US-01,FEDEX,C-US-275,2026-06-14,2026-06-28,,DLVD
SO-2108,US,1710,WH-US-01,FEDEX,C-US-498,2026-06-08,2026-06-22,,DLVD
SO-2109,US,1710,WH-US-01,BLUEDART,C-US-654,2026-06-08,2026-06-22,,DLVD
SO-2110,US,1710,WH-US-01,FEDEX,C-US-504,2026-06-10,2026-06-24,,DLVD
SO-2111,US,1710,WH-US-01,BLUEDART,C-US-929,2026-06-02,2026-06-16,,DLVD
SO-2112,US,1710,WH-US-01,BLUEDART,C-US-171,2026-05-29,2026-06-12,,DLVD
