order_id,region,plant,warehouse,carrier,customer_id,order_date,promised_delivery_date,promised_date_original,order_status,production_order_id,inspection_lot_id,rework,split_delivery,mrp_date,prod_release_date,material_issue_date,prod_confirm_date,qm_decision_date,gr_date,picking_date,goods_issue_date,shipment_date,final_delivery_date,invoice_date,expected_attribution_phase
SO-1001,IN,1010,WH-IN-01,BLUEDART,C-IN-001,2026-07-01,2026-07-13,,DLVD,PO-3001,QL-4001,N,none,2026-07-02,2026-07-03,2026-07-04,2026-07-07,2026-07-08,2026-07-09,2026-07-10,2026-07-10,2026-07-11,2026-07-12,2026-07-14,
SO-1002,IN,1010,WH-IN-01,BLUEDART,C-IN-002,2026-07-01,2026-07-13,,DLVD,PO-3002,QL-4002,N,none,2026-07-02,2026-07-03,2026-07-04,2026-07-07,2026-07-12,2026-07-13,2026-07-14,2026-07-14,2026-07-15,2026-07-16,2026-07-18,quality_inspection
SO-1003,IN,1010,WH-IN-01,FEDEX,C-IN-003,2026-07-02,2026-07-14,,DLVD,PO-3003,QL-4003,N,none,2026-07-03,2026-07-04,2026-07-05,2026-07-08,2026-07-09,2026-07-10,2026-07-11,2026-07-11,2026-07-12,2026-07-19,2026-07-21,transportation
SO-1004,IN,1010,WH-IN-01,BLUEDART,C-IN-004,2026-07-02,2026-07-14,,DLVD,PO-3004,QL-4004,Y,none,2026-07-03,2026-07-04,2026-07-05,2026-07-08,2026-07-14,2026-07-15,2026-07-16,2026-07-16,2026-07-17,2026-07-18,2026-07-20,quality_inspection
SO-1005,IN,1010,WH-IN-01,BLUEDART,C-IN-005,2026-07-03,2026-07-15,,DLVD,PO-3005,QL-4005,N,none,2026-07-04,2026-07-05,2026-07-06,2026-07-13,2026-07-14,2026-07-15,2026-07-16,2026-07-16,2026-07-17,2026-07-18,2026-07-20,production_execution
SO-1006,IN,1010,WH-IN-01,FEDEX,C-IN-006,2026-07-03,2026-07-15,,DLVD,PO-3006,QL-4006,N,none,2026-07-04,2026-07-05,2026-07-06,2026-07-09,2026-07-15,2026-07-16,2026-07-17,2026-07-17,2026-07-18,2026-07-19,2026-07-21,quality_inspection
SO-1007,IN,1010,WH-IN-01,BLUEDART,C-IN-007,2026-07-04,2026-07-16,,CANC,PO-3007,,N,none,2026-07-05,2026-07-06,,,,,,,,,,
SO-1008,IN,1010,WH-IN-01,BLUEDART,C-IN-008,2026-07-04,2026-07-16,,DLVD,PO-3008,QL-4008,N,none,2026-07-05,2026-07-06,2026-07-07,2026-07-10,2026-07-11,2026-07-12,2026-07-13,2026-07-13,2026-07-14,2026-07-15,2026-07-17,
SO-1009,IN,1010,WH-IN-01,FEDEX,C-IN-009,2026-07-05,2026-07-17,,DLVD,PO-3009,QL-4009,N,mixed,2026-07-06,2026-07-07,2026-07-08,2026-07-11,2026-07-12,2026-07-13,2026-07-14,2026-07-14,2026-07-15,2026-07-20,2026-07-22,transportation
SO-1010,IN,1010,WH-IN-01,BLUEDART,C-IN-010,2026-07-06,2026-07-18,,DLVD,PO-3010,QL-4010,N,none,2026-07-07,2026-07-08,2026-07-09,2026-07-12,2026-07-18,2026-07-19,2026-07-20,2026-07-20,2026-07-21,2026-07-22,2026-07-24,quality_inspection
SO-1011,IN,1010,WH-IN-01,BLUEDART,C-IN-011,2026-07-06,2026-07-24,2026-07-18,DLVD,PO-3011,QL-4011,N,none,2026-07-07,2026-07-08,2026-07-09,2026-07-12,2026-07-13,2026-07-14,2026-07-15,2026-07-15,2026-07-16,2026-07-21,2026-07-23,
SO-1012,IN,1010,WH-IN-01,FEDEX,C-IN-012,2026-07-07,2026-07-19,,DLVD,PO-3012,QL-4012,N,on_time,2026-07-08,2026-07-09,2026-07-10,2026-07-13,2026-07-14,2026-07-15,2026-07-16,2026-07-16,2026-07-17,2026-07-18,2026-07-20,
SO-1013,IN,1010,WH-IN-01,BLUEDART,C-IN-013,2026-07-28,2026-08-12,,IN_TRANSIT,PO-3013,QL-4013,N,none,2026-07-29,2026-07-30,2026-07-31,2026-08-03,2026-08-04,2026-08-05,2026-08-06,2026-08-06,2026-08-07,,,
SO-1014,IN,1010,WH-IN-01,BLUEDART,C-IN-014,2026-07-08,2026-07-20,,DLVD,PO-3014,QL-4014,N,on_time,2026-07-09,2026-07-10,2026-07-11,2026-07-14,2026-07-15,2026-07-16,2026-07-17,2026-07-17,2026-07-18,2026-07-19,2026-07-21,
SO-1015,IN,1010,WH-IN-01,BLUEDART,C-IN-015,2026-07-09,2026-07-21,,DLVD,,,N,none,,,,,,,2026-07-17,2026-07-17,2026-07-18,2026-07-19,2026-07-21,
SO-1016,IN,1010,WH-IN-01,FEDEX,C-IN-016,2026-07-10,2026-07-22,,DLVD,PO-3016,QL-4016,N,on_time,2026-07-11,2026-07-12,2026-07-13,2026-07-16,2026-07-17,2026-07-18,2026-07-19,2026-07-19,2026-07-20,2026-07-21,2026-07-23,
SO-1017,IN,1010,WH-IN-01,BLUEDART,C-IN-017,2026-07-11,2026-07-23,,DLVD,PO-3017,QL-4017,N,on_time,2026-07-12,2026-07-13,2026-07-14,2026-07-17,2026-07-18,2026-07-19,2026-07-20,2026-07-20,2026-07-21,2026-07-22,2026-07-24,
SO-1018,IN,1010,WH-IN-01,BLUEDART,C-IN-018,2026-07-12,2026-07-24,,DLVD,PO-3018,QL-4018,N,on_time,2026-07-13,2026-07-14,2026-07-15,2026-07-18,2026-07-19,2026-07-20,2026-07-21,2026-07-21,2026-07-22,2026-07-23,2026-07-25,
SO-1019,IN,1010,WH-IN-01,BLUEDART,C-IN-019,2026-06-01,2026-06-13,,DLVD,PO-3019,QL-4019,N,none,2026-06-02,2026-06-03,2026-06-04,2026-06-07,2026-06-08,2026-06-09,2026-06-10,2026-06-10,2026-06-11,2026-06-18,2026-06-20,
SO-1020,US,1710,WH-US-01,FEDEX,C-US-001,2026-07-01,2026-07-13,,DLVD,PO-3020,QL-4020,N,none,2026-07-02,2026-07-03,2026-07-04,2026-07-07,2026-07-08,2026-07-09,2026-07-10,2026-07-10,2026-07-11,2026-07-12,2026-07-14,
