shipment_id,delivery_id,carrier,dispatch_date,delivery_date,delivery_status
SH-1001,DL-1001,BLUEDART,2026-07-11,2026-07-12,DLVD
SH-1002,DL-1002,BLUEDART,2026-07-15,2026-07-16,DLVD
SH-1003,DL-1003,FEDEX,2026-07-12,2026-07-19,DLVD
SH-1004,DL-1004,BLUEDART,2026-07-17,2026-07-18,DLVD
SH-1005,DL-1005,BLUEDART,2026-07-17,2026-07-18,DLVD
SH-1006,DL-1006,FEDEX,2026-07-18,2026-07-19,DLVD
SH-1008,DL-1008,BLUEDART,2026-07-14,2026-07-15,DLVD
SH-1009A,DL-1009A,FEDEX,2026-07-15,2026-07-16,DLVD
SH-1009B,DL-1009B,FEDEX,2026-07-15,2026-07-20,DLVD
SH-1010,DL-1010,BLUEDART,2026-07-21,2026-07-22,DLVD
SH-1011,DL-1011,BLUEDART,2026-07-16,2026-07-21,DLVD
SH-1012A,DL-1012A,FEDEX,2026-07-17,2026-07-18,DLVD
SH-1012B,DL-1012B,FEDEX,2026-07-17,2026-07-18,DLVD
SH-1013,DL-1013,BLUEDART,2026-08-07,,IN_TRANSIT
SH-1014A,DL-1014A,BLUEDART,2026-07-18,2026-07-19,DLVD
SH-1014B,DL-1014B,BLUEDART,2026-07-18,2026-07-19,DLVD
SH-1015,DL-1015,BLUEDART,2026-07-18,2026-07-19,DLVD
SH-1016A,DL-1016A,FEDEX,2026-07-20,2026-07-21,DLVD
SH-1016B,DL-1016B,FEDEX,2026-07-20,2026-07-21,DLVD
SH-1017A,DL-1017A,BLUEDART,2026-07-21,2026-07-22,DLVD
SH-1017B,DL-1017B,BLUEDART,2026-07-21,2026-07-22,DLVD
SH-1018A,DL-1018A,BLUEDART,2026-07-22,2026-07-23,DLVD
SH-1018B,DL-1018B,BLUEDART,2026-07-22,2026-07-23,DLVD
SH-1019,DL-1019,BLUEDART,2026-06-11,2026-06-18,DLVD
SH-1020,DL-1020,FEDEX,2026-07-11,2026-07-12,DLVD
SH-2001,DL-2001,FEDEX,2026-06-28,2026-07-01,DLVD
SH-2002,DL-2002,FEDEX,2026-07-26,2026-07-29,DLVD
SH-2003,DL-2003,FEDEX,2026-06-28,2026-07-01,DLVD
SH-2004,DL-2004,FEDEX,2026-07-23,2026-07-26,DLVD
SH-2005,DL-2005,FEDEX,2026-07-12,2026-07-15,DLVD
SH-2006,DL-2006,BLUEDART,2026-07-25,2026-07-28,DLVD
SH-2007,DL-2007,BLUEDART,2026-07-26,2026-07-29,DLVD
SH-2008,DL-2008,BLUEDART,2026-07-04,2026-07-07,DLVD
SH-2009,DL-2009,FEDEX,2026-07-26,2026-07-29,DLVD
SH-2010,DL-2010,FEDEX,2026-06-28,2026-07-01,DLVD
SH-2011,DL-2011,BLUEDART,2026-07-14,2026-07-17,DLVD
SH-2012,DL-2012,BLUEDART,2026-06-30,2026-07-03,DLVD
SH-2013,DL-2013,BLUEDART,2026-07-24,2026-07-27,DLVD
SH-2014,DL-2014,BLUEDART,2026-07-20,2026-07-23,DLVD
SH-2015,DL-2015,BLUEDART,2026-07-11,2026-07-14,DLVD
SH-2016,DL-2016,BLUEDART,2026-07-03,2026-07-06,DLVD
SH-2017,DL-2017,BLUEDART,2026-07-25,2026-07-28,DLVD
SH-2018,DL-2018,BLUEDART,2026-07-27,2026-07-30,DLVD
SH-2019,DL-2019,BLUEDART,2026-07-07,2026-07-10,DLVD
SH-2020,DL-2020,BLUEDART,2026-07-02,2026-07-05,DLVD
SH-2021,DL-2021,FEDEX,2026-07-19,2026-07-22,DLVD
SH-2022,DL-2022,BLUEDART,2026-07-18,2026-07-21,DLVD
SH-2023,DL-2023,BLUEDART,2026-07-20,2026-07-23,DLVD
SH-2024,DL-2024,BLUEDART,2026-07-05,2026-07-08,DLVD
SH-2025,DL-2025,FEDEX,2026-07-23,2026-07-26,DLVD
SH-2026,DL-2026,FEDEX,2026-07-21,2026-07-24,DLVD
SH-2027,DL-2027,FEDEX,2026-07-01,2026-07-04,DLVD
SH-2028,DL-2028,FEDEX,2026-07-23,2026-07-26,DLVD
SH-2029,DL-2029,FEDEX,2026-07-21,2026-07-24,DLVD
SH-2030,DL-2030,BLUEDART,2026-07-05,2026-07-08,DLVD
SH-2031,DL-2031,BLUEDART,2026-07-03,2026-07-06,DLVD
SH-2032,DL-2032,BLUEDART,2026-07-04,2026-07-07,DLVD
SH-2033,DL-2033,FEDEX,2026-07-26,2026-07-29,DLVD
SH-2034,DL-2034,BLUEDART,2026-06-30,2026-07-03,DLVD
SH-2035,DL-2035,FEDEX,2026-07-05,2026-07-08,DLVD
SH-2036,DL-2036,BLUEDART,2026-07-13,2026-07-16,DLVD
SH-2037,DL-2037,BLUEDART,2026-07-20,2026-07-23,DLVD
SH-2038,DL-2038,BLUEDART,2026-07-26,2026-07-29,DLVD
SH-2039,DL-2039,BLUEDART,2026-07-21,2026-07-24,DLVD
SH-2041,DL-2041,BLUEDART,2026-06-04,2026-06-07,DLVD
SH-2042,DL-2042,FEDEX,2026-06-20,2026-06-23,DLVD
SH-2043,DL-2043,BLUEDART,2026-06-01,2026-06-04,DLVD
SH-2044,DL-2044,BLUEDART,2026-06-25,2026-06-28,DLVD
SH-2045,DL-2045,FEDEX,2026-06-13,2026-06-16,DLVD
SH-2046,DL-2046,BLUEDART,2026-06-25,2026-06-28,DLVD
SH-2047,DL-2047,FEDEX,2026-05-28,2026-05-31,DLVD
SH-2048,DL-2048,FEDEX,2026-05-28,2026-05-31,DLVD
SH-2049,DL-2049,BLUEDART,2026-06-14,2026-06-17,DLVD
SH-2050,DL-2050,BLUEDART,2026-06-26,2026-06-29,DLVD
SH-2051,DL-2051,FEDEX,2026-06-25,2026-06-28,DLVD
SH-2052,DL-2052,BLUEDART,2026-06-25,2026-06-28,DLVD
SH-2053,DL-2053,BLUEDART,2026-05-29,2026-06-01,DLVD
SH-2054,DL-2054,FEDEX,2026-06-21,2026-06-24,DLVD
SH-2055,DL-2055,FEDEX,2026-06-16,2026-06-19,DLVD
SH-2056,DL-2056,FEDEX,2026-06-02,2026-06-05,DLVD
SH-2057,DL-2057,FEDEX,2026-06-02,2026-06-05,DLVD
SH-2058,DL-2058,BLUEDART,2026-06-01,2026-06-04,DLVD
SH-2059,DL-2059,FEDEX,2026-06-11,2026-06-14,DLVD
SH-2060,DL-2060,BLUEDART,2026-06-26,2026-06-29,DLVD
SH-2061,DL-2061,FEDEX,2026-06-07,2026-06-10,DLVD
SH-2062,DL-2062,FEDEX,2026-06-16,2026-06-19,DLVD
SH-2063,DL-2063,FEDEX,2026-06-11,2026-06-14,DLVD
SH-2064,DL-2064,BLUEDART,2026-06-10,2026-06-13,DLVD
SH-2065,DL-2065,BLUEDART,2026-06-03,2026-06-06,DLVD
SH-2066,DL-2066,BLUEDART,2026-08-24,,IN_TRANSIT
SH-2067,DL-2067,FEDEX,2026-08-12,,IN_TRANSIT
SH-2068,DL-2068,BLUEDART,2026-08-08,,IN_TRANSIT
SH-2071,DL-2071,FEDEX,2026-07-09,2026-07-16,DLVD
SH-2072,DL-2072,FEDEX,2026-07-27,2026-08-03,DLVD
SH-2073,DL-2073,BLUEDART,2026-07-16,2026-07-19,DLVD
SH-2074,DL-2074,BLUEDART,2026-07-18,2026-07-21,DLVD
SH-2075,DL-2075,BLUEDART,2026-07-09,2026-07-12,DLVD
SH-2076,DL-2076,FEDEX,2026-07-26,2026-07-29,DLVD
SH-2077,DL-2077,BLUEDART,2026-07-12,2026-07-15,DLVD
SH-2078,DL-2078,BLUEDART,2026-07-11,2026-07-14,DLVD
SH-2079,DL-2079,FEDEX,2026-07-09,2026-07-12,DLVD
SH-2080,DL-2080,BLUEDART,2026-07-02,2026-07-05,DLVD
SH-2081,DL-2081,BLUEDART,2026-07-25,2026-07-28,DLVD
SH-2082,DL-2082,BLUEDART,2026-07-08,2026-07-11,DLVD
SH-2083,DL-2083,FEDEX,2026-07-08,2026-07-11,DLVD
SH-2084,DL-2084,FEDEX,2026-07-06,2026-07-09,DLVD
SH-2085,DL-2085,BLUEDART,2026-07-26,2026-07-29,DLVD
SH-2086,DL-2086,BLUEDART,2026-07-26,2026-07-29,DLVD
SH-2087,DL-2087,FEDEX,2026-07-24,2026-07-27,DLVD
SH-2088,DL-2088,BLUEDART,2026-07-12,2026-07-15,DLVD
SH-2089,DL-2089,FEDEX,2026-07-26,2026-07-29,DLVD
SH-2090,DL-2090,BLUEDART,2026-07-06,2026-07-09,DLVD
SH-2091,DL-2091,BLUEDART,2026-07-05,2026-07-08,DLVD
SH-2092,DL-2092,BLUEDART,2026-07-16,2026-07-19,DLVD
SH-2093,DL-2093,FEDEX,2026-07-01,2026-07-04,DLVD
SH-2094,DL-2094,BLUEDART,2026-07-03,2026-07-06,DLVD
SH-2095,DL-2095,BLUEDART,2026-07-01,2026-07-04,DLVD
SH-2096,DL-2096,FEDEX,2026-07-01,2026-07-04,DLVD
SH-2097,DL-2097,FEDEX,2026-07-18,2026-07-21,DLVD
SH-2098,DL-2098,FEDEX,2026-06-04,2026-06-11,DLVD
SH-2099,DL-2099,FEDEX,2026-06-22,2026-06-25,DLVD
SH-2100,DL-2100,FEDEX,2026-06-08,2026-06-11,DLVD
SH-2101,DL-2101,BLUEDART,2026-06-13,2026-06-16,DLVD
SH-2102,DL-2102,BLUEDART,2026-06-13,2026-06-16,DLVD
SH-2103,DL-2103,BLUEDART,2026-06-18,2026-06-21,DLVD
SH-2104,DL-2104,BLUEDART,2026-06-15,2026-06-18,DLVD
SH-2105,DL-2105,BLUEDART,2026-06-19,2026-06-22,DLVD
SH-2106,DL-2106,FEDEX,2026-06-07,2026-06-10,DLVD
SH-2107,DL-2107,FEDEX,2026-06-24,2026-06-27,DLVD
SH-2108,DL-2108,FEDEX,2026-06-18,2026-06-21,DLVD
SH-2109,DL-2109,BLUEDART,2026-06-18,2026-06-21,DLVD
SH-2110,DL-2110,FEDEX,2026-06-20,2026-06-23,DLVD
SH-2111,DL-2111,BLUEDART,2026-06-12,2026-06-15,DLVD
SH-2112,DL-2112,BLUEDART,2026-06-08,2026-06-11,DLVD
